,RMSE_mm,RMSE_mm,RMSE_mm,R2,R2,R2
,mean,std,median,mean,std,median
Axis,,,,,,
PC1,0.136485,0.094829,0.120482,0.999182,0.000519,0.999223
PC2,0.080863,0.054924,0.057975,0.992108,0.054387,0.999087
PC3,0.076428,0.047712,0.069738,0.999082,0.000489,0.998984
